﻿<?xml version="1.0" encoding="utf-8" ?>
<Addin id="NUnit.Engine" isroot="true" version="1.0">

	<Runtime>
		<Import assembly="nunit.engine.dll" />
		<Import assembly="nunit.engine.api.dll" />
		
		<!--Ideally, we should restructure the use of folders so that no
		    exclusions are necessary. -->
		
		<!--These two are excluded because they are .NET 4.0 and cause an error.-->
		<ScanExclude path="mock-cpp-clr-x86.dll" />
		<ScanExclude path="mock-cpp-clr-x64.dll" />
		
		<!--Other files are excluded only for efficiency.-->
		<ScanExclude path="nunit.engine.tests.dll" />
		<ScanExclude path="nunit3-console.tests.dll" />
		<ScanExclude path="nunit-agent.exe" />
		<ScanExclude path="nunit-agent-x86.exe" />
	</Runtime>

	<ExtensionPoint path="/NUnit/Engine/TypeExtensions/IProjectLoader">
		<ExtensionNode objectType="NUnit.Engine.Extensibility.IProjectLoader"/>
	</ExtensionPoint>

	<ExtensionPoint path="/NUnit/Engine/TypeExtensions/IResultWriterFactory">
		<ExtensionNode objectType="NUnit.Engine.Extensibility.IResultWriterFactory"/>
	</ExtensionPoint>

	<ExtensionPoint path="/NUnit/Engine/TypeExtensions/IDriverFactory">
		<ExtensionNode objectType="NUnit.Engine.Extensibility.IDriverFactory"/>
	</ExtensionPoint>

</Addin>